,0,1,2,3
tt6644200,"['Drama', 'Horror', 'Thriller', 'Science Fiction']",91.0,2018-04-03,7.4
tt6155172,['Drama'],135.0,2018-08-25,7.4
tt1477834,"['Action', 'Fantasy', 'Science Fiction', 'Adventure']",143.0,2018-12-07,7.4
tt4881806,"['Action', 'Adventure', 'Science Fiction']",129.0,2018-06-06,7.4
tt1270797,"['Science Fiction', 'Action']",112.0,2018-09-28,7.4
tt2557478,"['Action', 'Fantasy', 'Science Fiction', 'Adventure']",111.0,2018-03-21,7.4
tt1517451,"['Drama', 'Music', 'Romance']",135.0,2018-10-03,7.4
tt4154756,"['Adventure', 'Action', 'Fantasy']",149.0,2018-04-25,7.4
tt5814060,"['Horror', 'Mystery', 'Thriller']",96.0,2018-09-05,7.4
tt7784604,"['Horror', 'Mystery', 'Thriller']",127.0,2018-06-04,7.4
tt5104604,"['Adventure', 'Comedy', 'Animation']",101.0,2018-03-23,7.4
tt3606756,"['Action', 'Adventure', 'Animation', 'Family']",118.0,2018-06-14,7.4
tt9495224,"['Science Fiction', 'Mystery', 'Drama', 'Thriller', 'TV Movie']",90.0,2018-12-28,7.4
tt3846674,"['Comedy', 'Romance']",99.0,2018-08-16,7.4
tt3766354,"['Thriller', 'Action', 'Crime']",122.0,2018-07-19,7.4
tt1502407,"['Thriller', 'Horror']",106.0,2018-10-18,7.4
tt1727824,"['Drama', 'Music']",135.0,2018-10-24,7.4
tt1677720,"['Adventure', 'Science Fiction']",140.0,2018-03-28,7.4
tt2854926,"['Comedy', 'Drama']",100.0,2018-05-30,7.4
tt3778644,"['Action', 'Adventure', 'Science Fiction']",135.0,2018-05-15,7.4
tt5095030,"['Action', 'Adventure', 'Science Fiction', 'Comedy', 'Family']",119.0,2018-07-04,7.4
tt3104988,"['Comedy', 'Drama', 'Romance']",121.0,2018-08-15,7.4
tt1259528,"['Action', 'Thriller', 'Crime']",140.0,2018-01-18,7.4
tt2704998,"['Mystery', 'Comedy', 'Crime', 'Thriller']",101.0,2018-02-22,7.4
tt4633694,"['Action', 'Adventure', 'Animation', 'Science Fiction', 'Comedy']",117.0,2018-12-07,7.4
tt1590193,"['Action', 'Thriller']",104.0,2018-01-11,7.4
tt5052474,"['Action', 'Crime', 'Drama', 'Thriller']",123.0,2018-06-27,7.4
tt7040874,"['Thriller', 'Crime', 'Mystery', 'Comedy', 'Drama']",117.0,2018-08-29,7.4
tt4123430,"['Family', 'Fantasy', 'Adventure']",134.0,2018-11-14,7.4
tt7668870,"['Drama', 'Thriller', 'Mystery']",103.0,2018-08-24,7.4
tt6412452,"['Comedy', 'Drama', 'Western']",132.0,2018-11-09,7.4
tt0261024,"['Music', 'Documentary']",465.0,1985-07-13,7.4
tt1213641,"['History', 'Drama']",141.0,2018-10-11,7.4
tt2873282,"['Mystery', 'Thriller']",140.0,2018-02-28,7.4
tt4912910,"['Action', 'Thriller', 'Adventure']",148.0,2018-07-13,7.4
tt2231461,"['Action', 'Adventure', 'Science Fiction', 'Fantasy']",107.0,2018-04-12,7.4
tt4500922,"['Action', 'Mystery', 'Science Fiction', 'Thriller', 'Adventure', 'Fantasy']",144.0,2018-01-10,7.4
tt5463162,"['Action', 'Comedy', 'Adventure']",121.0,2018-05-15,7.4
tt4779682,"['Action', 'Science Fiction', 'Thriller', 'Horror']",113.0,2018-08-09,7.4
tt6499752,"['Action', 'Thriller', 'Science Fiction', 'Horror']",100.0,2018-06-01,7.4
tt6628394,"['Thriller', 'Crime', 'Mystery', 'Drama']",142.0,2018-10-04,7.4
tt2737304,"['Thriller', 'Drama', 'Science Fiction', 'Horror']",124.0,2018-12-13,7.4
tt5164432,"['Comedy', 'Drama', 'Romance']",110.0,2018-02-16,7.4
tt2798920,"['Mystery', 'Science Fiction', 'Thriller', 'Horror', 'Adventure']",115.0,2018-02-22,7.4
tt5164214,"['Crime', 'Comedy', 'Action', 'Thriller']",111.0,2018-06-07,7.4
tt2548396,"['Mystery', 'Thriller', 'Horror', 'Science Fiction']",102.0,2018-02-04,7.4
tt3829266,"['Science Fiction', 'Action', 'Thriller', 'Adventure', 'Horror']",107.0,2018-09-05,7.4
tt5758778,['Action'],102.0,2018-07-11,7.4
tt1825683,"['Action', 'Adventure', 'Fantasy', 'Science Fiction']",134.0,2018-02-13,7.4
tt1365519,"['Action', 'Adventure', 'Fantasy']",118.0,2018-03-05,7.4
tt7349662,"['Crime', 'Drama']",135.0,2018-07-30,7.4
tt1413492,"['War', 'Drama', 'History']",130.0,2018-01-16,7.4
tt5688932,"['Fantasy', 'Science Fiction', 'Comedy']",105.0,2018-07-06,7.4
tt5246700,"['Science Fiction', 'Thriller', 'Mystery']",113.0,2018-07-13,7.4
tt5610554,"['Comedy', 'Drama']",96.0,2018-05-04,7.4
tt5220122,"['Family', 'Fantasy', 'Comedy', 'Animation']",97.0,2018-06-28,7.4
tt2990140,"['Comedy', 'Adventure', 'Family', 'Fantasy']",104.0,2018-11-22,7.4
tt5848272,"['Family', 'Animation', 'Comedy', 'Fantasy']",112.0,2018-11-20,7.4
tt7153766,"['Horror', 'Thriller']",99.0,2018-02-21,7.4
tt7668842,['Comedy'],,2018-01-19,7.4
tt6911608,"['Comedy', 'Romance']",113.0,2018-07-09,7.4
tt6212478,"['Drama', 'Crime']",117.0,2018-06-01,7.4
tt5397194,"['Science Fiction', 'Thriller']",100.0,2018-05-03,7.4
tt0795421,"['Comedy', 'Romance']",108.0,2008-07-02,7.4
tt7014006,"['Comedy', 'Drama']",94.0,2018-01-19,7.4
tt6343314,"['Drama', 'Action']",130.0,2018-11-21,7.4
tt6133466,"['Action', 'Science Fiction', 'Thriller', 'Horror']",97.0,2018-07-04,7.4
tt6306064,"['Thriller', 'Romance', 'Adventure']",96.0,2018-05-31,7.4
tt1620680,"['Adventure', 'Science Fiction', 'Family', 'Fantasy']",109.0,2018-03-08,7.4
tt5083738,"['Drama', 'History', 'Comedy']",120.0,2018-11-20,7.4
tt6772950,"['Thriller', 'Horror']",100.0,2018-04-12,7.4
tt6663582,"['Action', 'Comedy']",117.0,2018-08-02,7.4
tt4575576,"['Adventure', 'Comedy', 'Family', 'Fantasy']",104.0,2018-08-02,7.4
tt6679794,"['Drama', 'Action', 'History']",122.0,2018-11-09,7.4
tt5117670,"['Animation', 'Adventure', 'Family']",93.0,2018-02-07,7.4
tt6921996,"['Adventure', 'Family', 'Action', 'Comedy']",89.0,2018-09-13,7.4
tt6697582,"['Adventure', 'Comedy', 'Science Fiction']",125.0,2018-01-05,7.4
tt3201640,"['Science Fiction', 'Thriller', 'Drama', 'Action']",96.0,2018-07-15,7.4
tt6452574,"['Drama', 'Comedy']",161.0,2018-06-29,7.4
tt4701182,"['Action', 'Adventure', 'Science Fiction']",114.0,2018-12-15,7.4
tt5834262,"['Thriller', 'Science Fiction', 'Action']",94.0,2018-06-07,7.4
tt6850820,"['Action', 'Thriller', 'Drama']",102.0,2018-09-06,7.4
tt7431594,"['Thriller', 'Action']",160.0,2018-06-15,7.4
tt2388771,"['Adventure', 'Drama']",105.0,2018-11-25,7.4
tt6217306,"['Thriller', 'Mystery', 'Fantasy', 'Horror']",130.0,2018-09-21,7.4
tt8108198,"['Thriller', 'Comedy', 'Crime']",139.0,2018-10-05,7.4
tt6966692,"['Drama', 'Comedy']",130.0,2018-11-16,7.4
tt3892172,['Drama'],110.0,2018-06-29,7.4
tt4560436,"['Action', 'Thriller', 'Adventure', 'Crime']",95.0,2018-08-16,7.4
tt2531344,['Comedy'],102.0,2018-03-14,7.4
tt5726086,"['Mystery', 'Horror', 'Thriller']",118.0,2018-01-03,7.4
tt5304992,"['Romance', 'Comedy']",105.0,2018-06-12,7.4
tt1137450,"['Action', 'Crime', 'Drama', 'Thriller']",107.0,2018-03-02,7.4
tt6998518,"['Action', 'Thriller', 'Horror']",122.0,2018-09-13,7.4
tt3799232,"['Romance', 'Comedy']",105.0,2018-05-11,7.4
tt5783956,"['Comedy', 'Romance', 'Fantasy']",97.0,2018-02-09,7.4
tt4218572,"['Crime', 'Drama', 'Thriller']",128.0,2018-11-06,7.4
tt6791096,['Comedy'],111.0,2018-04-19,7.4
tt5028340,"['Fantasy', 'Family', 'Comedy']",131.0,2018-12-19,7.4
tt2119543,"['Horror', 'Fantasy', 'Thriller', 'Family', 'Mystery']",106.0,2018-09-15,7.4
tt4244998,"['Adventure', 'Drama']",97.0,2018-08-17,7.4
tt4477536,"['Drama', 'Romance']",105.0,2018-01-17,7.4
tt3890160,"['Action', 'Crime']",112.0,2017-06-28,7.4
tt1648190,"['Action', 'Fantasy', 'Science Fiction', 'Western', 'Horror']",95.0,2017-08-03,7.4
tt3501632,"['Action', 'Adventure', 'Comedy', 'Fantasy', 'Science Fiction']",130.0,2017-10-25,7.4
tt5519340,"['Action', 'Crime', 'Fantasy']",117.0,2017-12-22,7.4
tt5580036,['Drama'],121.0,2017-12-08,7.4
tt5052448,"['Mystery', 'Thriller', 'Horror']",104.0,2017-02-24,7.4
tt0974015,"['Action', 'Adventure', 'Fantasy', 'Science Fiction']",120.0,2017-11-15,7.4
tt3402236,"['Crime', 'Drama', 'Mystery']",114.0,2017-11-03,7.4
tt2380307,"['Animation', 'Family', 'Comedy', 'Adventure', 'Fantasy']",105.0,2017-10-27,7.4
tt1856101,"['Science Fiction', 'Thriller']",163.0,2017-10-04,7.4
tt4425200,"['Thriller', 'Action', 'Crime']",122.0,2017-02-08,7.4
tt1485796,['Drama'],105.0,2017-12-20,7.4
tt3521126,"['Comedy', 'Drama']",104.0,2017-03-12,7.4
tt5439796,"['Action', 'Comedy', 'Crime', 'Drama']",119.0,2017-08-17,7.4
tt5726616,"['Romance', 'Drama']",132.0,2017-09-01,7.4
tt1396484,"['Horror', 'Thriller']",135.0,2017-09-06,7.4
tt2316204,"['Horror', 'Science Fiction', 'Thriller']",122.0,2017-05-09,7.4
tt4649466,"['Action', 'Adventure']",141.0,2017-09-20,7.4
tt4925292,"['Comedy', 'Drama']",94.0,2017-09-08,7.4
tt2543472,"['Drama', 'Family']",113.0,2017-11-13,7.4
tt2250912,"['Action', 'Adventure', 'Science Fiction', 'Drama']",133.0,2017-07-05,7.4
tt2239822,"['Adventure', 'Science Fiction', 'Action']",136.0,2017-07-20,7.4
tt5580390,"['Drama', 'Fantasy', 'Romance']",123.0,2017-12-01,7.4
tt1469304,"['Action', 'Comedy']",116.0,2017-05-12,7.4
tt3450958,"['Drama', 'Science Fiction', 'War']",140.0,2017-07-11,7.4
tt6294822,"['Drama', 'History']",116.0,2017-12-22,7.4
tt4555426,"['Drama', 'History']",125.0,2017-11-22,7.4
tt3371366,"['Action', 'Science Fiction', 'Thriller', 'Adventure']",149.0,2017-06-16,7.4
tt5109784,"['Drama', 'Horror', 'Mystery']",121.0,2017-09-13,7.4
tt2771200,"['Family', 'Fantasy', 'Romance']",129.0,2017-03-16,7.4
tt1790809,"['Adventure', 'Action', 'Fantasy', 'Comedy']",129.0,2017-05-23,7.4
tt0451279,"['Action', 'Adventure', 'Fantasy', 'War']",141.0,2017-05-30,7.4
tt5013056,"['Action', 'Drama', 'History', 'Thriller', 'War']",107.0,2017-07-19,7.4
tt1959563,"['Action', 'Comedy']",118.0,2017-08-16,7.4
tt2283362,"['Action', 'Adventure', 'Comedy', 'Fantasy']",119.0,2017-12-09,7.4
tt4116284,"['Action', 'Animation', 'Comedy', 'Family', 'Fantasy']",104.0,2017-02-08,7.4
tt5027774,"['Crime', 'Drama']",115.0,2017-11-10,7.4
tt5362988,"['Crime', 'Drama', 'Mystery', 'Thriller']",107.0,2017-08-03,7.4
tt2406566,"['Action', 'Mystery', 'Thriller']",115.0,2017-07-26,7.4
tt3315342,"['Action', 'Drama', 'Science Fiction']",137.0,2017-02-28,7.4
tt2345759,"['Fantasy', 'Thriller', 'Action', 'Adventure', 'Horror']",110.0,2017-06-06,7.4
tt1219827,"['Action', 'Science Fiction', 'Thriller', 'Drama']",107.0,2017-03-29,7.4
tt5462602,"['Comedy', 'Drama', 'Romance']",120.0,2017-06-23,7.4
tt2527336,"['Fantasy', 'Adventure', 'Science Fiction', 'Action']",152.0,2017-12-13,7.4
tt3532216,"['Thriller', 'Action']",115.0,2017-08-17,7.4
tt4630562,"['Adventure', 'Action', 'Crime', 'Thriller', 'Mystery']",136.0,2017-04-12,7.4
tt1972591,"['Action', 'Drama', 'Fantasy']",126.0,2017-05-10,7.4
tt3896198,"['Action', 'Adventure', 'Comedy', 'Science Fiction']",137.0,2017-04-19,7.4
tt5442430,"['Horror', 'Science Fiction', 'Thriller', 'Drama']",103.0,2017-03-22,7.4
tt3731562,"['Action', 'Adventure', 'Fantasy']",118.0,2017-03-08,7.4
tt2568862,"['Crime', 'Comedy', 'Drama']",96.0,2017-04-06,7.4
tt2226597,"['Romance', 'Adventure', 'Drama']",109.0,2017-10-05,7.4
tt4633690,"['Crime', 'Drama', 'Thriller']",121.0,2017-07-13,7.4
tt5140878,"['Horror', 'Mystery', 'Thriller']",109.0,2017-08-03,7.4
tt4877122,"['Animation', 'Family', 'Comedy']",86.0,2017-07-23,7.4
tt3874544,"['Animation', 'Comedy', 'Family']",97.0,2017-03-23,7.4
tt3606752,"['Adventure', 'Animation', 'Comedy', 'Family']",109.0,2017-06-15,7.4
tt1758810,"['Drama', 'Crime', 'Thriller', 'Horror']",119.0,2017-10-12,7.4
tt3922818,"['Romance', 'Adventure', 'Science Fiction', 'Drama']",121.0,2017-01-26,7.4
tt5308322,"['Horror', 'Mystery', 'Thriller']",96.0,2017-10-12,7.4
tt5592248,"['Drama', 'Western']",93.0,2017-06-23,7.4
tt3717490,"['Action', 'Adventure', 'Science Fiction']",124.0,2017-03-23,7.4
tt1961175,"['Action', 'Thriller']",112.0,2017-09-14,7.4
tt5657846,['Comedy'],100.0,2017-11-09,7.4
tt5638642,['Horror'],94.0,2017-10-11,7.4
tt5649144,['Drama'],111.0,2017-10-06,7.4
tt4849438,"['Action', 'Fantasy', 'Drama']",168.0,2017-04-27,7.4
tt5478478,"['Drama', 'Western', 'History']",134.0,2017-12-22,7.4
tt1293847,"['Action', 'Adventure', 'Crime']",107.0,2017-01-13,7.4
tt5657856,"['Action', 'Crime', 'Thriller']",132.0,2017-09-23,7.4
tt1536537,"['Science Fiction', 'Thriller', 'Drama']",123.0,2017-08-18,7.4
tt1981128,"['Action', 'Science Fiction', 'Thriller']",109.0,2017-10-13,7.4
tt3469046,"['Action', 'Animation', 'Comedy', 'Family', 'Adventure']",96.0,2017-06-15,7.4
tt1389072,"['Comedy', 'Drama', 'Science Fiction']",135.0,2017-12-22,7.4
tt4225622,"['Horror', 'Comedy']",85.0,2017-10-13,7.4
tt4209788,"['Crime', 'Drama']",140.0,2017-12-21,7.4
tt4481414,"['Drama', 'Family', 'Comedy']",101.0,2017-04-12,7.4
tt5776858,"['Drama', 'Romance']",131.0,2017-12-25,7.4
tt4846232,"['Crime', 'Drama', 'Thriller']",101.0,2017-08-11,7.4
tt4622512,"['Comedy', 'Drama', 'History']",121.0,2017-09-05,7.4
tt3829920,['Drama'],133.0,2017-09-22,7.4
tt3967856,"['Adventure', 'Drama', 'Science Fiction', 'Action']",122.0,2017-06-28,7.4
tt5294550,"['Thriller', 'Drama', 'Crime', 'Mystery']",132.0,2017-12-21,7.4
tt5715874,"['Drama', 'Thriller', 'Mystery']",122.0,2017-10-20,7.4
tt3748172,"['Drama', 'Horror', 'Thriller']",104.0,2017-09-19,7.4
tt4287320,"['Drama', 'Thriller', 'Science Fiction']",110.0,2017-04-27,7.4
tt4765284,"['Comedy', 'Music']",93.0,2017-12-20,7.4
tt5988370,[],108.0,2017-03-02,7.4
tt4995790,['Drama'],151.0,2017-08-25,7.4
tt4465564,"['Drama', 'Romance']",118.0,2017-02-08,7.4
tt4468740,"['Adventure', 'Comedy', 'Family']",104.0,2017-11-09,7.4
tt1615160,"['Action', 'Thriller', 'Drama']",113.0,2017-09-28,7.4
tt1241317,"['Fantasy', 'Horror', 'Mystery', 'Thriller']",101.0,2017-08-25,7.4
tt2763304,"['Crime', 'Drama']",117.0,2017-01-27,7.4
tt4695012,"['Horror', 'Thriller', 'Mystery', 'Drama']",91.0,2017-06-09,7.4
tt1753383,"['Comedy', 'Drama', 'Family', 'Fantasy']",100.0,2017-01-19,7.4
tt6265828,"['Drama', 'Fantasy', 'Romance']",93.0,2017-07-07,7.4
tt4686844,"['Comedy', 'History']",107.0,2017-10-20,7.4
tt3348730,"['Crime', 'Horror', 'Mystery', 'Thriller']",92.0,2017-10-26,7.4
tt5742374,"['Drama', 'Thriller', 'Crime']",89.0,2017-11-08,7.4
tt2582782,"['Crime', 'Drama', 'Thriller', 'Western']",102.0,2016-08-12,7.4
tt4160708,"['Crime', 'Horror', 'Thriller']",89.0,2016-08-25,7.4
tt2660888,"['Action', 'Adventure', 'Science Fiction']",122.0,2016-07-07,7.4
tt2094766,"['Action', 'Adventure', 'Science Fiction']",115.0,2016-12-21,7.4
tt4196776,"['Action', 'Thriller']",123.0,2016-07-27,7.4
tt1935859,"['Drama', 'Fantasy', 'Adventure', 'Family']",127.0,2016-09-28,7.4
tt3062096,"['Mystery', 'Thriller', 'Drama']",121.0,2016-10-13,7.4
tt1355644,"['Drama', 'Romance', 'Science Fiction']",116.0,2016-12-21,7.4
tt1289401,"['Action', 'Fantasy', 'Comedy']",116.0,2016-07-14,7.4
tt3040964,"['Adventure', 'Drama', 'Family', 'Fantasy', 'Animation']",106.0,2016-04-07,7.4
tt2119532,"['Drama', 'History', 'War']",140.0,2016-10-07,7.4
tt4846340,"['Drama', 'History']",127.0,2016-12-10,7.4
tt3110958,"['Action', 'Comedy', 'Thriller']",129.0,2016-06-02,7.4
tt1431045,"['Action', 'Adventure', 'Comedy']",108.0,2016-02-09,7.4
tt2543164,"['Thriller', 'Drama', 'Science Fiction', 'Mystery']",116.0,2016-11-10,7.4
tt3748528,"['Action', 'Adventure', 'Science Fiction']",133.0,2016-12-14,7.4
tt1179933,"['Thriller', 'Science Fiction', 'Drama']",104.0,2016-03-10,7.4
tt3521164,"['Adventure', 'Comedy', 'Family', 'Animation']",107.0,2016-11-23,7.4
tt3553976,"['Adventure', 'Comedy', 'Drama']",119.0,2016-07-02,7.4
tt1386697,"['Action', 'Adventure', 'Crime', 'Fantasy', 'Science Fiction']",124.0,2016-08-03,7.4
tt3300542,"['Action', 'Crime', 'Thriller']",99.0,2016-03-02,7.4
tt2948356,"['Animation', 'Adventure', 'Family', 'Comedy']",109.0,2016-02-11,7.4
tt4776998,"['History', 'Romance', 'Drama']",130.0,2016-12-02,7.4
tt2005151,"['Comedy', 'Crime', 'Drama']",114.0,2016-08-17,7.4
tt0918940,"['Action', 'Adventure']",109.0,2016-06-29,7.4
tt1700841,"['Adventure', 'Animation', 'Comedy', 'Fantasy']",89.0,2016-07-11,7.4
tt2975590,"['Action', 'Adventure', 'Fantasy']",151.0,2016-03-23,7.4
tt3498820,"['Adventure', 'Action', 'Science Fiction']",147.0,2016-04-27,7.4
tt4550098,"['Drama', 'Thriller']",116.0,2016-11-04,7.4
tt1628841,"['Action', 'Adventure', 'Science Fiction']",120.0,2016-06-22,7.4
tt3263904,"['Drama', 'History']",96.0,2016-09-07,7.4
tt4972582,"['Horror', 'Thriller']",117.0,2017-01-19,7.4
tt3799694,"['Action', 'Comedy', 'Crime', 'Mystery']",116.0,2016-05-15,7.4
tt2140479,"['Crime', 'Thriller', 'Drama']",128.0,2016-10-14,7.4
tt3065204,"['Horror', 'Mystery', 'Thriller']",134.0,2016-05-13,7.4
tt2674426,"['Drama', 'Romance']",110.0,2016-06-02,7.4
tt3741834,['Drama'],118.0,2016-11-24,7.4
tt2404435,"['Adventure', 'Action', 'Western']",132.0,2016-09-14,7.4
tt1860357,"['Drama', 'Action']",107.0,2016-09-29,7.4
tt4975722,['Drama'],111.0,2016-10-21,7.4
tt3783958,"['Comedy', 'Drama', 'Romance']",129.0,2016-11-29,7.4
tt0803096,"['Action', 'Adventure', 'Fantasy']",123.0,2016-05-25,7.4
tt1489889,"['Action', 'Comedy', 'Mystery']",107.0,2016-06-15,7.4
tt1211837,"['Action', 'Adventure', 'Fantasy', 'Science Fiction']",115.0,2016-10-25,7.4
tt3183660,"['Adventure', 'Family', 'Fantasy']",133.0,2016-11-16,7.4
tt2277860,"['Adventure', 'Animation', 'Comedy', 'Family']",97.0,2016-06-16,7.4
tt3631112,"['Crime', 'Drama', 'Mystery', 'Romance', 'Thriller']",112.0,2016-10-05,7.4
tt3385516,"['Action', 'Adventure', 'Science Fiction', 'Fantasy']",144.0,2016-05-18,7.4
tt4034228,['Drama'],138.0,2016-11-18,7.4
tt2709768,"['Adventure', 'Comedy', 'Animation', 'Family']",87.0,2016-06-18,7.4
tt4276820,"['Drama', 'History']",115.0,2016-09-13,7.4
tt2267968,"['Action', 'Adventure', 'Animation', 'Comedy', 'Family']",95.0,2016-01-23,7.4
tt4682786,"['Drama', 'Romance']",97.0,2016-12-06,7.4
tt5074352,"['Drama', 'Action']",161.0,2016-12-21,7.4
tt5022702,"['Horror', 'Thriller']",82.0,2016-03-12,7.4
tt2241351,"['Thriller', 'Drama']",98.0,2016-05-12,7.4
tt2567026,"['Adventure', 'Family', 'Fantasy']",113.0,2016-05-25,7.4
tt3410834,"['Adventure', 'Science Fiction', 'Action', 'Mystery']",121.0,2016-03-09,7.4
tt4302938,"['Animation', 'Adventure', 'Family']",102.0,2016-08-18,7.4
tt5813916,"['Drama', 'War']",135.0,2016-11-04,7.4
tt2381991,"['Action', 'Adventure', 'Drama']",114.0,2016-04-06,7.4
tt3691740,"['Adventure', 'Family', 'Fantasy']",120.0,2016-06-01,7.4
tt1974419,"['Thriller', 'Horror', 'Mystery']",118.0,2016-06-08,7.4
tt3640424,"['Action', 'Drama', 'War', 'Romance', 'Thriller']",124.0,2016-11-17,7.4
tt4857264,"['Mystery', 'Crime', 'Thriller']",106.0,2016-09-22,7.4
tt2304933,"['Adventure', 'Science Fiction']",112.0,2016-01-14,7.4
tt3544112,"['Comedy', 'Romance', 'Drama', 'Music']",106.0,2016-03-11,7.4
tt4172430,"['Action', 'Drama', 'History', 'Thriller', 'War']",144.0,2016-01-13,7.4
tt2034800,"['Action', 'Adventure', 'Fantasy']",103.0,2016-12-16,7.4
tt4786282,"['Thriller', 'Mystery', 'Horror']",81.0,2016-07-21,7.4
tt1292566,"['Comedy', 'Romance']",110.0,2016-01-21,7.4
tt2592614,"['Action', 'Horror', 'Science Fiction']",107.0,2016-12-23,7.4
tt4438848,['Comedy'],91.0,2016-05-04,7.4
tt4698684,"['Adventure', 'Comedy', 'Drama']",101.0,2016-03-31,7.4
tt2823054,['Comedy'],98.0,2016-07-07,7.4
tt4572514,"['Crime', 'Drama', 'Thriller']",133.0,2016-12-12,7.4
tt3531824,"['Mystery', 'Adventure', 'Crime']",96.0,2016-07-27,7.4
tt3949660,"['Action', 'Adventure', 'Comedy', 'Family', 'Science Fiction']",112.0,2016-06-01,7.4
tt1985949,"['Animation', 'Adventure', 'Comedy']",97.0,2016-05-11,7.4
tt0475290,"['Comedy', 'Drama', 'Mystery']",106.0,2016-02-05,7.4
tt2404233,"['Action', 'Adventure', 'Fantasy', 'Science Fiction']",127.0,2016-02-25,7.4
tt4501244,['Comedy'],111.0,2016-12-22,7.4
tt5700672,"['Action', 'Horror', 'Thriller']",118.0,2016-07-20,7.4
tt2671706,['Drama'],139.0,2016-12-16,7.4
tt4016934,"['Thriller', 'Drama', 'Romance']",145.0,2016-06-01,7.4
tt3289956,"['Horror', 'Mystery']",86.0,2016-12-21,7.4
tt3381008,"['Action', 'Comedy']",83.0,2016-02-24,7.4
tt3470600,"['Animation', 'Comedy', 'Drama', 'Family', 'Music']",108.0,2016-11-23,7.4
tt3393786,"['Action', 'Adventure', 'Crime']",118.0,2016-10-19,7.4
tt4651520,['Comedy'],100.0,2016-07-28,7.4
tt1860213,['Comedy'],102.0,2016-01-21,7.4
tt3774114,"['Drama', 'History', 'Crime', 'Thriller']",134.0,2016-09-15,7.4
tt4034354,"['Comedy', 'Drama', 'Romance', 'Fantasy', 'Adventure']",97.0,2016-06-24,7.4
tt3416532,"['Drama', 'Fantasy']",108.0,2016-10-07,7.4
tt4052882,"['Horror', 'Drama', 'Thriller']",86.0,2016-06-24,7.4
tt4094724,"['Action', 'Horror', 'Thriller']",105.0,2016-06-29,7.4
tt0490215,"['Drama', 'History']",161.0,2016-12-22,7.4
tt5311514,"['Romance', 'Animation', 'Drama']",106.0,2016-08-26,7.4
tt1878870,"['Comedy', 'Drama']",104.0,2016-11-18,7.4
tt4731136,"['Horror', 'Mystery', 'Science Fiction', 'Thriller']",146.0,2017-02-15,7.4
tt2488496,"['Action', 'Adventure', 'Science Fiction', 'Fantasy']",136.0,2015-12-15,7.4
tt2381249,"['Action', 'Adventure', 'Thriller']",131.0,2015-07-23,7.4
tt1502712,"['Action', 'Adventure', 'Science Fiction']",100.0,2015-08-05,7.4
tt3569230,"['Crime', 'Thriller']",131.0,2015-09-09,7.4
tt4046784,"['Action', 'Science Fiction', 'Thriller']",132.0,2015-09-09,7.4
tt3659388,"['Drama', 'Adventure', 'Science Fiction']",141.0,2015-09-30,7.4
tt1638355,"['Comedy', 'Action', 'Adventure']",116.0,2015-08-13,7.4
tt4178092,"['Thriller', 'Mystery', 'Drama']",108.0,2015-07-30,7.4
tt3464902,"['Thriller', 'Comedy', 'Drama', 'Romance', 'Science Fiction']",118.0,2015-07-10,7.4
tt1964418,"['Adventure', 'Family', 'Mystery', 'Science Fiction']",130.0,2015-05-19,7.4
tt0810819,['Drama'],120.0,2015-11-27,7.4
tt0478970,"['Science Fiction', 'Action', 'Adventure']",117.0,2015-07-14,7.4
tt3170832,"['Drama', 'Thriller']",117.0,2015-10-16,7.4
tt1355683,"['Drama', 'Crime']",122.0,2015-09-04,7.4
tt2719848,"['Adventure', 'Drama']",121.0,2015-09-10,7.4
tt2120120,"['Action', 'Comedy', 'Science Fiction']",105.0,2015-07-16,7.4
tt1596363,"['Comedy', 'Drama']",131.0,2015-12-11,7.4
tt2080374,"['Drama', 'History']",122.0,2015-10-09,7.4
tt2820852,"['Action', 'Crime', 'Thriller', 'Drama']",137.0,2015-04-01,7.4
tt2096673,"['Drama', 'Comedy', 'Animation', 'Family']",95.0,2015-06-09,7.4
tt3079380,"['Action', 'Comedy', 'Crime']",120.0,2015-05-06,7.4
tt1823672,"['Crime', 'Action', 'Science Fiction']",120.0,2015-03-04,7.4
tt3152624,"['Comedy', 'Romance']",125.0,2015-07-17,7.4
tt3460252,"['Crime', 'Drama', 'Mystery', 'Western']",188.0,2015-12-25,7.4
tt2554274,"['Drama', 'Fantasy', 'Horror', 'Mystery', 'Romance', 'Thriller']",119.0,2015-10-13,7.4
tt2848292,"['Comedy', 'Music']",115.0,2015-05-07,7.4
tt1398426,"['Drama', 'Music']",147.0,2015-08-13,7.4
tt1663202,"['Western', 'Drama', 'Adventure', 'Thriller']",157.0,2015-12-25,7.4
tt0369610,"['Action', 'Adventure', 'Science Fiction', 'Thriller']",124.0,2015-06-06,7.4
tt1661199,"['Romance', 'Fantasy', 'Family', 'Drama']",105.0,2015-03-12,7.4
tt2361509,['Comedy'],121.0,2015-09-24,7.4
tt1895587,"['Drama', 'Thriller', 'History']",129.0,2015-11-06,7.4
tt2395427,"['Action', 'Adventure', 'Science Fiction']",141.0,2015-04-22,7.4
tt2379713,"['Action', 'Adventure', 'Crime']",148.0,2015-10-26,7.4
tt2381941,"['Romance', 'Comedy', 'Crime', 'Drama']",105.0,2015-02-25,7.4
tt1340138,"['Science Fiction', 'Action', 'Thriller', 'Adventure']",126.0,2015-06-23,7.4
tt1617661,"['Science Fiction', 'Fantasy', 'Action', 'Adventure']",124.0,2015-02-04,7.4
tt2322441,"['Drama', 'Romance', 'Thriller']",125.0,2015-02-11,7.4
tt1392190,"['Action', 'Adventure', 'Science Fiction', 'Thriller']",121.0,2015-05-13,7.4
tt1951266,"['Action', 'Adventure', 'Science Fiction']",137.0,2015-11-18,7.4
tt1655441,"['Fantasy', 'Drama', 'Romance']",112.0,2015-04-16,7.4
tt1798684,"['Action', 'Drama']",123.0,2015-06-15,7.4
tt2126355,"['Action', 'Drama', 'Thriller']",114.0,2015-05-27,7.4
tt3076658,['Drama'],133.0,2015-11-25,7.4
tt3397884,"['Action', 'Crime', 'Drama', 'Mystery', 'Thriller']",122.0,2015-09-17,7.4
tt2637276,['Comedy'],115.0,2015-06-25,7.4
tt4263482,"['Mystery', 'Horror']",92.0,2016-02-19,7.4
tt3682448,"['Thriller', 'Drama']",141.0,2015-10-15,7.4
tt2293640,"['Family', 'Animation', 'Adventure', 'Comedy']",91.0,2015-06-17,7.4
tt2908446,"['Action', 'Adventure', 'Science Fiction', 'Thriller']",119.0,2015-03-18,7.4
tt1172049,"['Comedy', 'Drama']",101.0,2016-04-06,7.4
tt2510894,"['Animation', 'Comedy', 'Family', 'Fantasy']",89.0,2015-09-21,7.4
tt2224026,"['Fantasy', 'Comedy', 'Animation', 'Science Fiction', 'Family']",94.0,2015-03-18,7.4
tt3622592,"['Drama', 'Mystery', 'Romance']",109.0,2015-06-18,7.4
tt3316948,"['Comedy', 'Action']",96.0,2015-08-19,7.4
tt2503944,"['Drama', 'Comedy']",100.0,2015-10-02,7.4
tt2140379,"['Science Fiction', 'Mystery', 'Thriller']",116.0,2015-07-10,7.4
tt2631186,"['Action', 'Fantasy', 'Drama']",158.0,2015-07-10,7.4
tt3322364,['Drama'],123.0,2015-11-12,7.4
tt3567288,"['Horror', 'Thriller', 'Mystery']",94.0,2015-09-10,7.4
tt2402927,"['Romance', 'Drama']",118.0,2015-11-20,7.4
tt2494362,"['Horror', 'Western', 'Adventure', 'Drama', 'Thriller']",132.0,2015-10-23,7.4
tt1365050,"['Drama', 'War']",137.0,2015-09-11,7.4
tt0884732,['Comedy'],101.0,2015-01-16,7.4
tt1528854,['Comedy'],96.0,2015-12-25,7.4
tt3332064,"['Adventure', 'Family', 'Fantasy']",111.0,2015-09-24,7.4
tt3072482,"['Action', 'Adventure', 'Science Fiction']",97.0,2015-09-12,7.4
tt1390411,"['Thriller', 'Drama', 'Adventure', 'Action', 'History']",122.0,2015-11-20,7.4
tt2400463,['Thriller'],100.0,2015-08-05,7.4
tt2057392,"['Drama', 'Thriller', 'War']",102.0,2015-09-11,7.4
tt2401878,"['Animation', 'Comedy', 'Drama', 'Romance']",90.0,2015-12-30,7.4
tt4062536,"['Horror', 'Crime', 'Thriller']",95.0,2016-04-15,7.4
tt3195644,"['Drama', 'Horror', 'Thriller']",97.0,2015-06-04,7.4
tt2381111,"['Drama', 'Romance']",111.0,2015-10-20,7.4
tt1014763,"['Crime', 'Thriller']",137.0,2015-03-15,7.4
tt3850214,"['Crime', 'Drama', 'Comedy']",103.0,2015-06-19,7.4
tt3605418,"['Drama', 'Thriller']",99.0,2015-06-26,7.4
tt1618442,"['Fantasy', 'Action', 'Adventure', 'Science Fiction']",106.0,2015-10-21,7.4
tt3488710,"['Adventure', 'Drama', 'Thriller']",123.0,2015-09-30,7.4
tt2436386,"['Science Fiction', 'Thriller']",106.0,2015-01-28,7.4
tt2726560,"['Drama', 'Romance']",128.0,2015-04-09,7.4
tt3203606,['Drama'],124.0,2015-10-27,7.4
tt1850457,['Comedy'],118.0,2015-12-18,7.4
tt2199571,"['Action', 'Crime', 'Drama', 'Mystery', 'Thriller']",114.0,2015-03-11,7.4
tt3863552,"['Action', 'Comedy', 'Drama']",163.0,2015-07-17,7.4
tt2446980,"['Drama', 'Comedy']",124.0,2015-12-24,7.4
tt1083452,"['Comedy', 'Drama', 'History', 'Adventure']",106.0,2016-02-26,7.4
tt3045616,"['Comedy', 'Adventure']",106.0,2015-01-21,7.4
tt3168230,"['Drama', 'Mystery']",103.0,2015-06-19,7.4
tt1666801,"['Romance', 'Comedy']",100.0,2015-02-20,7.4
tt1524930,['Comedy'],99.0,2015-07-28,7.4
tt2679042,"['Action', 'Crime', 'Thriller']",96.0,2015-08-20,7.4
tt3312830,"['Comedy', 'Drama']",118.0,2015-05-20,7.4
tt1674771,['Comedy'],104.0,2015-06-03,7.4
tt1051904,"['Adventure', 'Horror', 'Comedy']",103.0,2015-08-05,7.4
tt1781922,"['Action', 'Thriller']",103.0,2015-08-26,7.4
tt3530002,['Comedy'],101.0,2015-11-20,7.4
tt2582496,"['Comedy', 'Drama']",105.0,2015-06-12,7.4
tt1979388,"['Adventure', 'Animation', 'Family']",93.0,2015-11-14,7.4
tt2561572,['Comedy'],100.0,2015-03-26,7.4
tt1959490,"['Drama', 'Adventure']",138.0,2014-03-07,7.4
tt2557490,"['Comedy', 'Western']",116.0,2014-05-22,7.4
tt2084970,"['History', 'Drama', 'Thriller', 'War']",113.0,2014-11-14,7.4
tt2562232,"['Drama', 'Comedy']",120.0,2014-08-27,7.4
tt1291150,"['Science Fiction', 'Action', 'Adventure', 'Fantasy', 'Comedy']",101.0,2014-08-07,7.4
tt0831387,"['Action', 'Drama', 'Science Fiction']",123.0,2014-05-14,7.4
tt2872718,"['Crime', 'Drama', 'Thriller']",118.0,2014-10-23,7.4
tt2321549,"['Drama', 'Thriller', 'Horror']",93.0,2014-05-22,7.4
tt2582846,"['Romance', 'Drama']",125.0,2014-05-16,7.4
tt2278388,"['Comedy', 'Drama']",99.0,2014-02-26,7.4
tt0816692,"['Adventure', 'Drama', 'Science Fiction']",169.0,2014-11-05,7.4
tt2980516,"['Drama', 'Romance']",123.0,2014-11-26,7.4
tt1490017,"['Adventure', 'Animation', 'Comedy', 'Family', 'Fantasy']",100.0,2014-02-06,7.4
tt1872194,['Drama'],141.0,2014-10-08,7.4
tt2024469,"['Action', 'Thriller', 'Mystery']",106.0,2014-02-26,7.4
tt0829150,"['Horror', 'Action', 'Drama', 'Fantasy', 'War']",92.0,2014-10-01,7.4
tt2004420,['Comedy'],96.0,2014-05-08,7.4
tt2310332,"['Action', 'Adventure', 'Fantasy']",144.0,2014-12-10,7.4
tt0470752,"['Drama', 'Science Fiction']",108.0,2015-01-21,7.4
tt3235888,"['Horror', 'Thriller']",101.0,2014-11-13,7.4
tt1587310,"['Fantasy', 'Adventure', 'Action', 'Family', 'Romance']",97.0,2014-05-28,7.4
tt2788710,"['Action', 'Comedy']",112.0,2014-12-25,7.4
tt2397535,"['Science Fiction', 'Thriller']",97.0,2014-08-28,7.4
tt2883512,['Comedy'],114.0,2014-05-08,7.4
tt1253863,"['Action', 'War', 'Drama']",102.0,2014-03-05,7.4
tt2267998,"['Mystery', 'Thriller', 'Drama']",149.0,2014-10-01,7.4
tt2103281,"['Science Fiction', 'Action', 'Drama', 'Thriller']",130.0,2014-06-26,7.4
tt1951265,"['Science Fiction', 'Adventure', 'Thriller']",123.0,2014-11-18,7.4
tt1646971,"['Fantasy', 'Action', 'Adventure', 'Animation', 'Comedy', 'Family']",102.0,2014-06-09,7.4
tt1840309,"['Action', 'Adventure', 'Science Fiction']",139.0,2014-03-14,7.4
tt2872732,"['Action', 'Science Fiction']",89.0,2014-07-25,7.4
tt2911666,"['Action', 'Thriller']",101.0,2014-10-22,7.4
tt2582802,['Drama'],107.0,2014-10-10,7.4
tt2109248,"['Science Fiction', 'Action', 'Adventure']",165.0,2014-06-25,7.4
tt1877832,"['Action', 'Adventure', 'Fantasy', 'Science Fiction']",131.0,2014-05-15,7.4
tt2179136,"['War', 'Action']",133.0,2014-12-11,7.4
tt2015381,"['Action', 'Science Fiction', 'Adventure']",121.0,2014-07-30,7.4
tt1843866,"['Action', 'Adventure', 'Science Fiction']",136.0,2014-03-20,7.4
tt0455944,"['Thriller', 'Action', 'Crime']",132.0,2014-09-24,7.4
tt2209764,"['Thriller', 'Science Fiction', 'Drama', 'Mystery']",119.0,2014-04-16,7.4
tt2446042,"['Thriller', 'Action']",109.0,2014-12-16,7.4
tt1631867,"['Action', 'Science Fiction']",113.0,2014-05-27,7.4
tt1872181,"['Action', 'Adventure', 'Fantasy']",142.0,2014-04-16,7.4
tt2245084,"['Adventure', 'Family', 'Animation', 'Action', 'Comedy']",102.0,2014-10-24,7.4
tt2713180,"['War', 'Drama', 'Action']",135.0,2014-10-15,7.4
tt1234721,"['Action', 'Science Fiction']",102.0,2014-01-30,7.4
tt1790864,"['Action', 'Mystery', 'Science Fiction', 'Thriller']",113.0,2014-09-10,7.4
tt2802144,"['Crime', 'Comedy', 'Action', 'Adventure']",129.0,2015-01-24,7.4
tt2294449,"['Crime', 'Comedy', 'Action']",112.0,2014-06-05,7.4
tt1065073,['Drama'],164.0,2014-06-05,7.4
tt1418377,"['Horror', 'Thriller']",92.0,2014-01-22,7.4
tt3011894,"['Drama', 'Thriller', 'Comedy']",125.0,2014-08-21,7.4
tt2096672,['Comedy'],110.0,2014-11-12,7.4
tt0458481,"['Crime', 'Thriller']",102.0,2014-08-20,7.4
tt1126590,['Drama'],105.0,2014-12-24,7.4
tt1956620,['Comedy'],97.0,2014-07-17,7.4
tt2333784,"['Action', 'Adventure', 'Thriller']",127.0,2014-08-04,7.4
tt2265171,"['Action', 'Crime', 'Thriller']",150.0,2014-03-27,7.4
tt2357291,"['Adventure', 'Comedy', 'Family', 'Music', 'Animation']",102.0,2014-03-19,7.4
tt3316960,['Drama'],101.0,2014-12-05,7.4
tt2170593,['Comedy'],102.0,2014-10-09,7.4
tt1809398,"['Drama', 'War']",137.0,2014-12-25,7.4
tt3416742,"['Comedy', 'Horror']",86.0,2014-06-19,7.4
tt2980592,"['Mystery', 'Thriller', 'Action']",99.0,2014-09-17,7.4
tt0365907,"['Crime', 'Drama', 'Mystery', 'Thriller']",113.0,2014-09-18,7.4
tt1100089,"['Drama', 'Thriller']",134.0,2014-05-19,7.4
tt1972571,['Thriller'],121.0,2014-07-25,7.4
tt1921064,"['Action', 'Adventure', 'History', 'Romance', 'Drama']",105.0,2014-02-18,7.4
tt1121096,"['Adventure', 'Fantasy']",102.0,2014-12-12,7.4
tt2884206,"['Science Fiction', 'Drama']",106.0,2014-07-18,7.4
tt2180411,"['Fantasy', 'Comedy']",125.0,2014-12-25,7.4
tt3322940,['Horror'],99.0,2014-10-02,7.4
tt1605717,"['Comedy', 'Drama', 'Mystery']",95.0,2014-05-02,7.4
tt2203939,"['Comedy', 'Romance']",109.0,2014-04-16,7.4
tt1355630,['Drama'],106.0,2014-08-21,7.4
tt0435651,"['Drama', 'Science Fiction']",94.0,2014-08-11,7.4
tt1791528,"['Comedy', 'Romance', 'Crime', 'Drama', 'Mystery']",148.0,2014-12-25,7.4
tt1638002,"['Comedy', 'Romance']",102.0,2014-10-16,7.4
tt1086772,['Comedy'],117.0,2014-05-21,7.4
tt3007512,"['War', 'Drama']",112.0,2014-12-25,7.4
tt2170439,['Comedy'],108.0,2014-11-26,7.4
tt2692250,"['Adventure', 'Comedy', 'Fantasy', 'Family']",97.0,2014-12-17,7.4
tt2975578,"['Horror', 'Thriller']",104.0,2014-07-17,7.4
tt1600196,"['Drama', 'Crime']",106.0,2014-09-12,7.4
tt1911658,"['Family', 'Animation', 'Adventure', 'Comedy']",92.0,2014-11-22,7.4
tt2980648,['Drama'],122.0,2014-08-06,7.4
tt1924435,['Comedy'],104.0,2014-08-13,7.4
tt2305051,['Drama'],115.0,2014-12-05,7.4
tt1800246,"['Comedy', 'Romance']",94.0,2014-01-29,7.4
tt1267297,"['Action', 'Adventure']",99.0,2014-07-23,7.4
tt1205537,"['Action', 'Drama', 'Thriller']",105.0,2014-01-15,7.4
tt2369135,"['Action', 'Crime', 'Drama', 'Thriller']",130.0,2014-03-13,7.4
tt1020072,"['History', 'Drama']",127.0,2014-12-25,7.4
tt2338151,"['Comedy', 'Drama']",153.0,2014-12-18,7.4
tt1109624,"['Comedy', 'Adventure', 'Family']",96.0,2014-11-28,7.4
tt2177771,"['War', 'Drama', 'History', 'Action']",118.0,2014-01-24,7.4
tt1408253,"['Action', 'Comedy']",99.0,2014-01-07,7.4
tt1528100,"['Adventure', 'Drama', 'Action']",150.0,2014-12-03,7.4
tt2172934,"['Action', 'Drama', 'Thriller', 'Crime']",113.0,2014-02-14,7.4
tt2870612,"['Horror', 'Thriller']",93.0,2014-08-14,7.4
